Entity,Code,Year,Number of severely food insecure people (million) (3-year average) | 00210071 || Value | 006132 || millions
Afghanistan,AFG,2015,5.099999904632568
Afghanistan,AFG,2016,5.300000190734863
Afghanistan,AFG,2017,6.300000190734863
Afghanistan,AFG,2018,6.400000095367432
Afghanistan,AFG,2019,7.5
Africa (FAO),,2015,219.8000030517578
Africa (FAO),,2016,236.89999389648438
Africa (FAO),,2017,252.60000610351562
Africa (FAO),,2018,268.1000061035156
Africa (FAO),,2019,298.70001220703125
Albania,ALB,2015,0.30000001192092896
Albania,ALB,2016,0.30000001192092896
Albania,ALB,2017,0.30000001192092896
Albania,ALB,2018,0.30000001192092896
Albania,ALB,2019,0.30000001192092896
Algeria,DZA,2015,5.199999809265137
Algeria,DZA,2016,5.099999904632568
Algeria,DZA,2017,4.699999809265137
Algeria,DZA,2018,3.9000000953674316
Algeria,DZA,2019,3
Angola,AGO,2015,5.900000095367432
Angola,AGO,2018,7.400000095367432
Angola,AGO,2019,8.600000381469727
Argentina,ARG,2015,2.5
Argentina,ARG,2016,3.799999952316284
Argentina,ARG,2017,4.900000095367432
Argentina,ARG,2018,5.699999809265137
Argentina,ARG,2019,5.699999809265137
Armenia,ARM,2017,0.05000000074505806
Armenia,ARM,2018,0.05000000074505806
Armenia,ARM,2019,0.05000000074505806
Asia (FAO),,2015,321.70001220703125
Asia (FAO),,2016,317.20001220703125
Asia (FAO),,2017,342
Asia (FAO),,2018,377.6000061035156
Asia (FAO),,2019,426.79998779296875
Australia,AUS,2015,0.699999988079071
Australia,AUS,2016,0.800000011920929
Australia,AUS,2017,0.8999999761581421
Australia,AUS,2018,1
Australia,AUS,2019,0.800000011920929
Austria,AUT,2015,0.05000000074505806
Austria,AUT,2016,0.10000000149011612
Austria,AUT,2017,0.05000000074505806
Austria,AUT,2018,0.05000000074505806
Austria,AUT,2019,0.05000000074505806
Azerbaijan,AZE,2015,0.05000000074505806
Azerbaijan,AZE,2016,0.05000000074505806
Azerbaijan,AZE,2017,0.05000000074505806
Azerbaijan,AZE,2018,0.05000000074505806
Azerbaijan,AZE,2019,0.05000000074505806
Bangladesh,BGD,2015,20.700000762939453
Bangladesh,BGD,2016,19.600000381469727
Bangladesh,BGD,2017,18.5
Bangladesh,BGD,2018,17.200000762939453
Bangladesh,BGD,2019,17.100000381469727
Belgium,BEL,2019,0.10000000149011612
Bosnia and Herzegovina,BIH,2015,0.05000000074505806
Bosnia and Herzegovina,BIH,2016,0.05000000074505806
Bosnia and Herzegovina,BIH,2017,0.05000000074505806
Bosnia and Herzegovina,BIH,2018,0.05000000074505806
Bosnia and Herzegovina,BIH,2019,0.05000000074505806
Botswana,BWA,2015,0.4000000059604645
Botswana,BWA,2016,0.4000000059604645
Botswana,BWA,2017,0.5
Botswana,BWA,2018,0.5
Botswana,BWA,2019,0.5
Brazil,BRA,2015,3.9000000953674316
Brazil,BRA,2016,3.5999999046325684
Brazil,BRA,2017,3.5999999046325684
Brazil,BRA,2018,3.4000000953674316
Brazil,BRA,2019,7.5
Bulgaria,BGR,2015,0.10000000149011612
Bulgaria,BGR,2016,0.20000000298023224
Bulgaria,BGR,2017,0.20000000298023224
Bulgaria,BGR,2018,0.10000000149011612
Bulgaria,BGR,2019,0.20000000298023224
Burkina Faso,BFA,2015,1.7999999523162842
Burkina Faso,BFA,2016,2
Burkina Faso,BFA,2017,2.299999952316284
Burkina Faso,BFA,2018,2.5
Burkina Faso,BFA,2019,3.0999999046325684
Cambodia,KHM,2015,2.5999999046325684
Cambodia,KHM,2016,2.200000047683716
Cambodia,KHM,2017,2.200000047683716
Cambodia,KHM,2018,2.200000047683716
Cambodia,KHM,2019,2.200000047683716
Cameroon,CMR,2019,6.900000095367432
Canada,CAN,2015,0.20000000298023224
Canada,CAN,2016,0.20000000298023224
Canada,CAN,2017,0.20000000298023224
Canada,CAN,2018,0.30000001192092896
Canada,CAN,2019,0.30000001192092896
Cape Verde,CPV,2018,0.05000000074505806
Cape Verde,CPV,2019,0.05000000074505806
Caribbean (FAO),,2019,16.299999237060547
Central African Republic,CAF,2019,2.9000000953674316
Central America (FAO),,2015,10.899999618530273
Central America (FAO),,2016,10.899999618530273
Central America (FAO),,2017,11.199999809265137
Central America (FAO),,2018,12
Central America (FAO),,2019,15.100000381469727
Central Asia (FAO),,2015,1.100000023841858
Central Asia (FAO),,2016,1.5
Central Asia (FAO),,2017,1.7000000476837158
Central Asia (FAO),,2018,1.7999999523162842
Central Asia (FAO),,2019,2.299999952316284
Chile,CHL,2015,0.5
Chile,CHL,2016,0.6000000238418579
Chile,CHL,2017,0.6000000238418579
Chile,CHL,2018,0.699999988079071
Chile,CHL,2019,0.800000011920929
Congo,COG,2015,2.0999999046325684
Congo,COG,2016,2.299999952316284
Congo,COG,2017,2.5
Congo,COG,2018,2.700000047683716
Congo,COG,2019,2.799999952316284
Costa Rica,CRI,2015,0.05000000074505806
Costa Rica,CRI,2016,0.05000000074505806
Costa Rica,CRI,2017,0.10000000149011612
Costa Rica,CRI,2018,0.10000000149011612
Costa Rica,CRI,2019,0.10000000149011612
Croatia,HRV,2015,0.05000000074505806
Croatia,HRV,2016,0.05000000074505806
Croatia,HRV,2017,0.05000000074505806
Croatia,HRV,2018,0.05000000074505806
Croatia,HRV,2019,0.05000000074505806
Czechia,CZE,2015,0.05000000074505806
Czechia,CZE,2016,0.05000000074505806
Czechia,CZE,2017,0.05000000074505806
Czechia,CZE,2018,0.05000000074505806
Czechia,CZE,2019,0.05000000074505806
Democratic Republic of Congo,COD,2019,33.400001525878906
Denmark,DNK,2015,0.05000000074505806
Denmark,DNK,2016,0.05000000074505806
Denmark,DNK,2017,0.05000000074505806
Denmark,DNK,2018,0.05000000074505806
Denmark,DNK,2019,0.05000000074505806
East Asia (excluding China) (FAO),,2015,1.2000000476837158
East Asia (excluding China) (FAO),,2016,1.2999999523162842
East Asia (excluding China) (FAO),,2017,1.7000000476837158
East Asia (excluding China) (FAO),,2018,1.7999999523162842
East Asia (excluding China) (FAO),,2019,1.899999976158142
Eastern Africa (FAO),,2015,95.69999694824219
Eastern Africa (FAO),,2016,100.5
Eastern Africa (FAO),,2017,104.30000305175781
Eastern Africa (FAO),,2018,107.5999984741211
Eastern Africa (FAO),,2019,115.5
Eastern Asia (FAO),,2015,16.799999237060547
Eastern Asia (FAO),,2016,21.799999237060547
Eastern Asia (FAO),,2017,28.100000381469727
Eastern Asia (FAO),,2018,27.100000381469727
Eastern Asia (FAO),,2019,28.899999618530273
Eastern Asia and South-eastern Asia (FAO),,2015,31.700000762939453
Eastern Asia and South-eastern Asia (FAO),,2016,37.900001525878906
Eastern Asia and South-eastern Asia (FAO),,2017,45.29999923706055
Eastern Asia and South-eastern Asia (FAO),,2018,44.599998474121094
Eastern Asia and South-eastern Asia (FAO),,2019,47.599998474121094
Eastern Europe (FAO),,2015,4.300000190734863
Eastern Europe (FAO),,2016,4
Eastern Europe (FAO),,2017,3.4000000953674316
Eastern Europe (FAO),,2018,3.200000047683716
Eastern Europe (FAO),,2019,4.300000190734863
Ecuador,ECU,2015,1
Ecuador,ECU,2016,1.2000000476837158
Ecuador,ECU,2017,1.399999976158142
Ecuador,ECU,2018,1.7000000476837158
Ecuador,ECU,2019,2
Egypt,EGY,2015,7.800000190734863
Egypt,EGY,2016,8.199999809265137
Egypt,EGY,2017,8.300000190734863
Egypt,EGY,2018,7.300000190734863
Egypt,EGY,2019,6.800000190734863
El Salvador,SLV,2015,0.8999999761581421
El Salvador,SLV,2016,0.8999999761581421
El Salvador,SLV,2017,0.8999999761581421
El Salvador,SLV,2018,0.8999999761581421
El Salvador,SLV,2019,0.8999999761581421
Estonia,EST,2015,0.05000000074505806
Estonia,EST,2016,0.05000000074505806
Estonia,EST,2017,0.05000000074505806
Estonia,EST,2018,0.05000000074505806
Estonia,EST,2019,0.05000000074505806
Eswatini,SWZ,2015,0.30000001192092896
Eswatini,SWZ,2016,0.30000001192092896
Eswatini,SWZ,2017,0.30000001192092896
Eswatini,SWZ,2018,0.30000001192092896
Eswatini,SWZ,2019,0.4000000059604645
Ethiopia,ETH,2015,14.699999809265137
Ethiopia,ETH,2016,15.600000381469727
Ethiopia,ETH,2017,15.699999809265137
Ethiopia,ETH,2018,15.399999618530273
Ethiopia,ETH,2019,18.399999618530273
Europe (FAO),,2015,11.100000381469727
Europe (FAO),,2016,10.800000190734863
Europe (FAO),,2017,9.5
Europe (FAO),,2018,8.899999618530273
Europe (FAO),,2019,9.699999809265137
Fiji,FJI,2018,0.05000000074505806
Fiji,FJI,2019,0.05000000074505806
Finland,FIN,2015,0.10000000149011612
Finland,FIN,2016,0.10000000149011612
Finland,FIN,2017,0.10000000149011612
Finland,FIN,2018,0.10000000149011612
Finland,FIN,2019,0.10000000149011612
France,FRA,2015,1
France,FRA,2016,0.800000011920929
France,FRA,2017,0.6000000238418579
France,FRA,2018,0.5
France,FRA,2019,0.4000000059604645
Gambia,GMB,2015,0.5
Gambia,GMB,2016,0.5
Gambia,GMB,2017,0.5
Gambia,GMB,2018,0.6000000238418579
Gambia,GMB,2019,0.6000000238418579
Georgia,GEO,2015,0.30000001192092896
Georgia,GEO,2016,0.30000001192092896
Georgia,GEO,2017,0.30000001192092896
Georgia,GEO,2018,0.30000001192092896
Georgia,GEO,2019,0.4000000059604645
Germany,DEU,2015,0.800000011920929
Germany,DEU,2016,0.699999988079071
Germany,DEU,2017,0.6000000238418579
Germany,DEU,2018,0.6000000238418579
Germany,DEU,2019,0.6000000238418579
Ghana,GHA,2015,2.0999999046325684
Ghana,GHA,2016,2.200000047683716
Ghana,GHA,2017,2.4000000953674316
Ghana,GHA,2018,2.5
Ghana,GHA,2019,2.5999999046325684
Greece,GRC,2015,0.30000001192092896
Greece,GRC,2016,0.30000001192092896
Greece,GRC,2017,0.30000001192092896
Greece,GRC,2018,0.20000000298023224
Greece,GRC,2019,0.20000000298023224
Guatemala,GTM,2015,2.5999999046325684
Guatemala,GTM,2016,2.799999952316284
Guatemala,GTM,2017,2.9000000953674316
Guatemala,GTM,2018,3.0999999046325684
Guatemala,GTM,2019,3.4000000953674316
Guinea,GIN,2015,5.099999904632568
Guinea,GIN,2016,5.5
Guinea,GIN,2017,6
Guinea,GIN,2018,6.199999809265137
Guinea,GIN,2019,6.300000190734863
High-income economies (FAO),,2015,21
High-income economies (FAO),,2016,20.600000381469727
High-income economies (FAO),,2017,20.200000762939453
High-income economies (FAO),,2018,19.799999237060547
High-income economies (FAO),,2019,19.799999237060547
Honduras,HND,2015,1.2999999523162842
Honduras,HND,2016,1.2999999523162842
Honduras,HND,2017,1.2999999523162842
Honduras,HND,2018,1.2999999523162842
Honduras,HND,2019,1.399999976158142
Hungary,HUN,2015,0.10000000149011612
Hungary,HUN,2016,0.10000000149011612
Hungary,HUN,2017,0.05000000074505806
Hungary,HUN,2018,0.05000000074505806
Hungary,HUN,2019,0.10000000149011612
Iceland,ISL,2015,0.05000000074505806
Iceland,ISL,2016,0.05000000074505806
Iceland,ISL,2017,0.05000000074505806
Iceland,ISL,2018,0.05000000074505806
Iceland,ISL,2019,0.05000000074505806
Indonesia,IDN,2015,1.7999999523162842
Indonesia,IDN,2016,2.299999952316284
Indonesia,IDN,2017,2.4000000953674316
Indonesia,IDN,2018,2.200000047683716
Indonesia,IDN,2019,1.899999976158142
Iran,IRN,2015,7.5
Iran,IRN,2016,7.400000095367432
Iran,IRN,2017,7
Iran,IRN,2018,6.900000095367432
Iran,IRN,2019,7.199999809265137
Ireland,IRL,2015,0.20000000298023224
Ireland,IRL,2016,0.10000000149011612
Ireland,IRL,2017,0.10000000149011612
Ireland,IRL,2018,0.20000000298023224
Ireland,IRL,2019,0.20000000298023224
Israel,ISR,2015,0.10000000149011612
Israel,ISR,2016,0.10000000149011612
Israel,ISR,2017,0.10000000149011612
Israel,ISR,2018,0.10000000149011612
Israel,ISR,2019,0.20000000298023224
Italy,ITA,2015,0.699999988079071
Italy,ITA,2016,0.699999988079071
Italy,ITA,2017,0.699999988079071
Italy,ITA,2018,0.699999988079071
Italy,ITA,2019,0.699999988079071
Japan,JPN,2015,0.5
Japan,JPN,2016,0.5
Japan,JPN,2017,0.699999988079071
Japan,JPN,2018,0.8999999761581421
Japan,JPN,2019,0.800000011920929
Kazakhstan,KAZ,2017,0.05000000074505806
Kazakhstan,KAZ,2018,0.05000000074505806
Kazakhstan,KAZ,2019,0.05000000074505806
Kenya,KEN,2015,8.300000190734863
Kenya,KEN,2016,9.399999618530273
Kenya,KEN,2017,10.600000381469727
Kenya,KEN,2018,12
Kenya,KEN,2019,13.5
Kiribati,KIR,2018,0.05000000074505806
Kiribati,KIR,2019,0.05000000074505806
Kuwait,KWT,2015,0.20000000298023224
Kuwait,KWT,2016,0.20000000298023224
Kuwait,KWT,2017,0.20000000298023224
Kuwait,KWT,2018,0.20000000298023224
Kuwait,KWT,2019,0.20000000298023224
Kyrgyzstan,KGZ,2017,0.05000000074505806
Kyrgyzstan,KGZ,2018,0.05000000074505806
Kyrgyzstan,KGZ,2019,0.05000000074505806
Land Locked Developing Countries (FAO),,2015,77.5
Land Locked Developing Countries (FAO),,2016,83.0999984741211
Land Locked Developing Countries (FAO),,2017,88.5999984741211
Land Locked Developing Countries (FAO),,2018,92.5999984741211
Land Locked Developing Countries (FAO),,2019,102.69999694824219
Laos,LAO,2019,0.6000000238418579
Latin America and the Caribbean (FAO),,2015,50.29999923706055
Latin America and the Caribbean (FAO),,2016,55.599998474121094
Latin America and the Caribbean (FAO),,2017,60.599998474121094
Latin America and the Caribbean (FAO),,2018,63.5
Latin America and the Caribbean (FAO),,2019,73.30000305175781
Latvia,LVA,2015,0.05000000074505806
Latvia,LVA,2016,0.05000000074505806
Latvia,LVA,2017,0.05000000074505806
Latvia,LVA,2018,0.05000000074505806
Latvia,LVA,2019,0.05000000074505806
Least Developed Countries (FAO),,2015,192.6999969482422
Least Developed Countries (FAO),,2016,200.3000030517578
Least Developed Countries (FAO),,2017,207.60000610351562
Least Developed Countries (FAO),,2018,215.1999969482422
Least Developed Countries (FAO),,2019,230.1999969482422
Lesotho,LSO,2019,0.6000000238418579
Liberia,LBR,2019,1.7999999523162842
Libya,LBY,2015,0.699999988079071
Libya,LBY,2016,0.800000011920929
Libya,LBY,2017,0.8999999761581421
Libya,LBY,2018,1.100000023841858
Libya,LBY,2019,1.2999999523162842
Lithuania,LTU,2015,0.05000000074505806
Lithuania,LTU,2016,0.05000000074505806
Lithuania,LTU,2017,0.05000000074505806
Lithuania,LTU,2018,0.05000000074505806
Lithuania,LTU,2019,0.05000000074505806
Low Income Food Deficit Countries (FAO),,2015,412.20001220703125
Low Income Food Deficit Countries (FAO),,2016,411.6000061035156
Low Income Food Deficit Countries (FAO),,2017,437.70001220703125
Low Income Food Deficit Countries (FAO),,2018,477.5
Low Income Food Deficit Countries (FAO),,2019,533.7000122070312
Low income economies (FAO),,2015,140.89999389648438
Low income economies (FAO),,2016,149.1999969482422
Low income economies (FAO),,2017,157.10000610351562
Low income economies (FAO),,2018,163.39999389648438
Low income economies (FAO),,2019,175
Lower-middle-income economies (FAO),,2015,349.70001220703125
Lower-middle-income economies (FAO),,2016,346.20001220703125
Lower-middle-income economies (FAO),,2017,371
Lower-middle-income economies (FAO),,2018,415.8999938964844
Lower-middle-income economies (FAO),,2019,481.20001220703125
Luxembourg,LUX,2015,0.05000000074505806
Luxembourg,LUX,2016,0.05000000074505806
Luxembourg,LUX,2017,0.05000000074505806
Luxembourg,LUX,2018,0.05000000074505806
Luxembourg,LUX,2019,0.05000000074505806
Malawi,MWI,2015,8.699999809265137
Malawi,MWI,2016,8.899999618530273
Malawi,MWI,2017,9.100000381469727
Malawi,MWI,2018,9.399999618530273
Malawi,MWI,2019,9.600000381469727
Malaysia,MYS,2015,2.4000000953674316
Malaysia,MYS,2016,2.0999999046325684
Malaysia,MYS,2017,2.0999999046325684
Malaysia,MYS,2018,2.0999999046325684
Malaysia,MYS,2019,2.4000000953674316
Malta,MLT,2015,0.05000000074505806
Malta,MLT,2016,0.05000000074505806
Malta,MLT,2017,0.05000000074505806
Malta,MLT,2018,0.05000000074505806
Malta,MLT,2019,0.05000000074505806
Mauritania,MRT,2015,0.20000000298023224
Mauritania,MRT,2016,0.20000000298023224
Mauritania,MRT,2017,0.20000000298023224
Mauritania,MRT,2018,0.30000001192092896
Mauritania,MRT,2019,0.30000001192092896
Mauritius,MUS,2015,0.05000000074505806
Mauritius,MUS,2016,0.05000000074505806
Mauritius,MUS,2017,0.05000000074505806
Mauritius,MUS,2018,0.05000000074505806
Mauritius,MUS,2019,0.10000000149011612
Mexico,MEX,2015,4.400000095367432
Mexico,MEX,2016,4.099999904632568
Mexico,MEX,2017,4.199999809265137
Mexico,MEX,2018,4.599999904632568
Mexico,MEX,2019,7.400000095367432
Middle Africa (FAO),,2019,62.099998474121094
Moldova,MDA,2015,0.05000000074505806
Moldova,MDA,2016,0.05000000074505806
Moldova,MDA,2017,0.10000000149011612
Moldova,MDA,2018,0.20000000298023224
Moldova,MDA,2019,0.20000000298023224
Mongolia,MNG,2015,0.10000000149011612
Mongolia,MNG,2016,0.20000000298023224
Mongolia,MNG,2017,0.20000000298023224
Mongolia,MNG,2018,0.20000000298023224
Mongolia,MNG,2019,0.20000000298023224
Montenegro,MNE,2015,0.05000000074505806
Montenegro,MNE,2016,0.05000000074505806
Montenegro,MNE,2017,0.05000000074505806
Montenegro,MNE,2018,0.05000000074505806
Montenegro,MNE,2019,0.05000000074505806
Mozambique,MOZ,2018,12
Mozambique,MOZ,2019,12.300000190734863
Myanmar,MMR,2019,1
Namibia,NAM,2015,0.699999988079071
Namibia,NAM,2016,0.699999988079071
Namibia,NAM,2017,0.699999988079071
Namibia,NAM,2018,0.800000011920929
Namibia,NAM,2019,0.800000011920929
Nepal,NPL,2015,2.799999952316284
Nepal,NPL,2016,2.5999999046325684
Nepal,NPL,2017,2.5999999046325684
Nepal,NPL,2018,2.9000000953674316
Nepal,NPL,2019,3.4000000953674316
Netherlands,NLD,2015,0.30000001192092896
Netherlands,NLD,2016,0.30000001192092896
Netherlands,NLD,2017,0.30000001192092896
Netherlands,NLD,2018,0.30000001192092896
Netherlands,NLD,2019,0.20000000298023224
New Zealand,NZL,2015,0.10000000149011612
New Zealand,NZL,2016,0.20000000298023224
New Zealand,NZL,2017,0.20000000298023224
New Zealand,NZL,2018,0.20000000298023224
New Zealand,NZL,2019,0.20000000298023224
Nigeria,NGA,2015,11.899999618530273
Nigeria,NGA,2016,17.299999237060547
Nigeria,NGA,2017,23.100000381469727
Nigeria,NGA,2018,29
Nigeria,NGA,2019,43
North Macedonia,MKD,2015,0.05000000074505806
North Macedonia,MKD,2016,0.05000000074505806
North Macedonia,MKD,2017,0.05000000074505806
North Macedonia,MKD,2018,0.05000000074505806
North Macedonia,MKD,2019,0.10000000149011612
Northern Africa (FAO),,2015,22.100000381469727
Northern Africa (FAO),,2016,22.799999237060547
Northern Africa (FAO),,2017,23.399999618530273
Northern Africa (FAO),,2018,22.600000381469727
Northern Africa (FAO),,2019,22.200000762939453
Northern America (FAO),,2015,3.5999999046325684
Northern America (FAO),,2016,3.299999952316284
Northern America (FAO),,2017,3.200000047683716
Northern America (FAO),,2018,2.9000000953674316
Northern America (FAO),,2019,3
Northern America and Europe (FAO),,2015,14.800000190734863
Northern America and Europe (FAO),,2016,14.100000381469727
Northern America and Europe (FAO),,2017,12.699999809265137
Northern America and Europe (FAO),,2018,11.800000190734863
Northern America and Europe (FAO),,2019,12.699999809265137
Northern Europe (FAO),,2015,1.7999999523162842
Northern Europe (FAO),,2016,2
Northern Europe (FAO),,2017,1.7000000476837158
Northern Europe (FAO),,2018,1.399999976158142
Northern Europe (FAO),,2019,1.100000023841858
Norway,NOR,2015,0.05000000074505806
Norway,NOR,2016,0.05000000074505806
Norway,NOR,2017,0.05000000074505806
Norway,NOR,2018,0.05000000074505806
Norway,NOR,2019,0.05000000074505806
Oceania (FAO),,2015,1.100000023841858
Oceania (FAO),,2016,1.399999976158142
Oceania (FAO),,2017,1.5
Oceania (FAO),,2018,1.600000023841858
Oceania (FAO),,2019,1.399999976158142
Palestine,PSE,2017,0.20000000298023224
Palestine,PSE,2018,0.20000000298023224
Palestine,PSE,2019,0.20000000298023224
Peru,PER,2015,4.099999904632568
Peru,PER,2016,5.199999809265137
Peru,PER,2017,5.199999809265137
Peru,PER,2018,5.800000190734863
Peru,PER,2019,6.199999809265137
Philippines,PHL,2015,3.299999952316284
Philippines,PHL,2018,3.4000000953674316
Philippines,PHL,2019,4.300000190734863
Poland,POL,2015,0.699999988079071
Poland,POL,2016,0.4000000059604645
Poland,POL,2017,0.30000001192092896
Poland,POL,2018,0.20000000298023224
Poland,POL,2019,0.20000000298023224
Portugal,PRT,2015,0.4000000059604645
Portugal,PRT,2016,0.4000000059604645
Portugal,PRT,2017,0.30000001192092896
Portugal,PRT,2018,0.30000001192092896
Portugal,PRT,2019,0.30000001192092896
Romania,ROU,2015,1.100000023841858
Romania,ROU,2016,0.8999999761581421
Romania,ROU,2017,0.800000011920929
Romania,ROU,2018,0.699999988079071
Romania,ROU,2019,0.6000000238418579
Russia,RUS,2015,1
Russia,RUS,2016,1.100000023841858
Russia,RUS,2017,0.8999999761581421
Russia,RUS,2018,0.699999988079071
Russia,RUS,2019,0.4000000059604645
Saint Lucia,LCA,2015,0.05000000074505806
Saint Lucia,LCA,2016,0.05000000074505806
Saint Lucia,LCA,2017,0.05000000074505806
Samoa,WSM,2017,0.05000000074505806
Samoa,WSM,2018,0.05000000074505806
Samoa,WSM,2019,0.05000000074505806
Senegal,SEN,2015,2.0999999046325684
Senegal,SEN,2016,2.4000000953674316
Senegal,SEN,2017,1.899999976158142
Senegal,SEN,2018,2.200000047683716
Senegal,SEN,2019,2.200000047683716
Serbia,SRB,2015,0.20000000298023224
Serbia,SRB,2016,0.20000000298023224
Serbia,SRB,2017,0.20000000298023224
Serbia,SRB,2018,0.20000000298023224
Serbia,SRB,2019,0.20000000298023224
Seychelles,SYC,2015,0.05000000074505806
Seychelles,SYC,2016,0.05000000074505806
Seychelles,SYC,2017,0.05000000074505806
Seychelles,SYC,2019,0.05000000074505806
Sierra Leone,SLE,2015,2.200000047683716
Sierra Leone,SLE,2016,2.299999952316284
Sierra Leone,SLE,2017,2.299999952316284
Sierra Leone,SLE,2018,2.4000000953674316
Sierra Leone,SLE,2019,2.5
Singapore,SGP,2015,0.05000000074505806
Singapore,SGP,2016,0.05000000074505806
Singapore,SGP,2017,0.05000000074505806
Singapore,SGP,2018,0.05000000074505806
Singapore,SGP,2019,0.05000000074505806
Slovakia,SVK,2015,0.05000000074505806
Slovakia,SVK,2016,0.05000000074505806
Slovakia,SVK,2017,0.05000000074505806
Slovakia,SVK,2018,0.05000000074505806
Slovakia,SVK,2019,0.05000000074505806
Slovenia,SVN,2015,0.05000000074505806
Slovenia,SVN,2016,0.05000000074505806
Slovenia,SVN,2017,0.05000000074505806
Slovenia,SVN,2018,0.05000000074505806
Slovenia,SVN,2019,0.05000000074505806
Somalia,SOM,2019,6.800000190734863
South Africa,ZAF,2015,10
South Africa,ZAF,2019,11.300000190734863
South America (FAO),,2015,24.899999618530273
South America (FAO),,2016,30
South America (FAO),,2017,34
South America (FAO),,2018,35.79999923706055
South America (FAO),,2019,41.900001525878906
South Asia (excluding India) (FAO),,2015,64.19999694824219
South Asia (excluding India) (FAO),,2016,62.79999923706055
South Asia (excluding India) (FAO),,2017,62.5
South Asia (excluding India) (FAO),,2018,67
South Asia (excluding India) (FAO),,2019,73.9000015258789
South Korea,KOR,2015,0.20000000298023224
South Korea,KOR,2016,0.20000000298023224
South Korea,KOR,2017,0.20000000298023224
South Korea,KOR,2018,0.20000000298023224
South Korea,KOR,2019,0.30000001192092896
South Sudan,SSD,2015,7
South Sudan,SSD,2017,7.099999904632568
South Sudan,SSD,2018,7
South Sudan,SSD,2019,6.900000095367432
South-eastern Asia (FAO),,2015,15
South-eastern Asia (FAO),,2016,16.100000381469727
South-eastern Asia (FAO),,2017,17.200000762939453
South-eastern Asia (FAO),,2018,17.5
South-eastern Asia (FAO),,2019,18.700000762939453
Southern Africa (FAO),,2015,11.899999618530273
Southern Africa (FAO),,2016,12.100000381469727
Southern Africa (FAO),,2017,12.300000190734863
Southern Africa (FAO),,2018,12.600000381469727
Southern Africa (FAO),,2019,13.5
Southern Asia (FAO),,2015,267
Southern Asia (FAO),,2016,254.39999389648438
Southern Asia (FAO),,2017,270.6000061035156
Southern Asia (FAO),,2018,306.29998779296875
Southern Asia (FAO),,2019,352.20001220703125
Southern Europe (FAO),,2015,2.5999999046325684
Southern Europe (FAO),,2016,2.700000047683716
Southern Europe (FAO),,2017,2.700000047683716
Southern Europe (FAO),,2018,2.700000047683716
Southern Europe (FAO),,2019,2.799999952316284
Spain,ESP,2015,0.5
Spain,ESP,2016,0.6000000238418579
Spain,ESP,2017,0.699999988079071
Spain,ESP,2018,0.800000011920929
Spain,ESP,2019,0.8999999761581421
Sub-Saharan Africa (FAO),,2015,197.6999969482422
Sub-Saharan Africa (FAO),,2016,214.10000610351562
Sub-Saharan Africa (FAO),,2017,229.1999969482422
Sub-Saharan Africa (FAO),,2018,245.5
Sub-Saharan Africa (FAO),,2019,276.6000061035156
Sudan,SDN,2015,5.199999809265137
Sudan,SDN,2016,5.800000190734863
Sudan,SDN,2017,6.300000190734863
Sudan,SDN,2018,6.800000190734863
Sudan,SDN,2019,7.199999809265137
Sweden,SWE,2015,0.05000000074505806
Sweden,SWE,2016,0.05000000074505806
Sweden,SWE,2017,0.10000000149011612
Sweden,SWE,2018,0.10000000149011612
Sweden,SWE,2019,0.10000000149011612
Switzerland,CHE,2015,0.10000000149011612
Switzerland,CHE,2016,0.10000000149011612
Switzerland,CHE,2017,0.05000000074505806
Switzerland,CHE,2018,0.05000000074505806
Switzerland,CHE,2019,0.05000000074505806
Tanzania,TZA,2016,13
Tanzania,TZA,2017,13
Tanzania,TZA,2018,13.399999618530273
Tanzania,TZA,2019,14.300000190734863
Thailand,THA,2015,2.9000000953674316
Thailand,THA,2016,4
Thailand,THA,2017,5
Thailand,THA,2018,5.400000095367432
Thailand,THA,2019,5.900000095367432
Tonga,TON,2018,0.05000000074505806
Tonga,TON,2019,0.05000000074505806
Tunisia,TUN,2015,1
Tunisia,TUN,2016,1.100000023841858
Tunisia,TUN,2017,1
Tunisia,TUN,2018,1.100000023841858
Tunisia,TUN,2019,1.2000000476837158
Uganda,UGA,2015,6.699999809265137
Uganda,UGA,2016,7.300000190734863
Uganda,UGA,2017,8
Uganda,UGA,2018,8.800000190734863
Uganda,UGA,2019,9.600000381469727
Ukraine,UKR,2015,0.8999999761581421
Ukraine,UKR,2016,1
Ukraine,UKR,2017,0.8999999761581421
Ukraine,UKR,2018,0.699999988079071
Ukraine,UKR,2019,1.100000023841858
United Kingdom,GBR,2015,1.2000000476837158
United Kingdom,GBR,2016,1.399999976158142
United Kingdom,GBR,2017,1.100000023841858
United Kingdom,GBR,2018,0.8999999761581421
United Kingdom,GBR,2019,0.5
United States,USA,2015,3.4000000953674316
United States,USA,2016,3.0999999046325684
United States,USA,2017,2.9000000953674316
United States,USA,2018,2.700000047683716
United States,USA,2019,2.700000047683716
Upper-middle-income economies (FAO),,2015,95.80000305175781
Upper-middle-income economies (FAO),,2016,108.80000305175781
Upper-middle-income economies (FAO),,2017,120.5999984741211
Upper-middle-income economies (FAO),,2018,123.0999984741211
Upper-middle-income economies (FAO),,2019,136.60000610351562
Uruguay,URY,2015,0.20000000298023224
Uruguay,URY,2016,0.30000001192092896
Uruguay,URY,2017,0.30000001192092896
Uruguay,URY,2018,0.20000000298023224
Uruguay,URY,2019,0.20000000298023224
Uzbekistan,UZB,2015,0.6000000238418579
Uzbekistan,UZB,2016,0.699999988079071
Uzbekistan,UZB,2017,0.699999988079071
Uzbekistan,UZB,2018,0.8999999761581421
Uzbekistan,UZB,2019,1.2999999523162842
Vanuatu,VUT,2018,0.05000000074505806
Vanuatu,VUT,2019,0.05000000074505806
Vietnam,VNM,2017,0.4000000059604645
Vietnam,VNM,2018,0.4000000059604645
Vietnam,VNM,2019,0.5
Western Africa (FAO),,2015,38.099998474121094
Western Africa (FAO),,2016,47.20000076293945
Western Africa (FAO),,2017,55.900001525878906
Western Africa (FAO),,2018,65.9000015258789
Western Africa (FAO),,2019,85.5
Western Asia (FAO),,2015,21.799999237060547
Western Asia (FAO),,2016,23.5
Western Asia (FAO),,2017,24.399999618530273
Western Asia (FAO),,2018,24.899999618530273
Western Asia (FAO),,2019,24.700000762939453
Western Europe (FAO),,2015,2.4000000953674316
Western Europe (FAO),,2016,2.0999999046325684
Western Europe (FAO),,2017,1.7000000476837158
Western Europe (FAO),,2018,1.600000023841858
Western Europe (FAO),,2019,1.5
World,OWID_WRL,2015,607.7000122070312
World,OWID_WRL,2016,625.0999755859375
World,OWID_WRL,2017,669.4000244140625
World,OWID_WRL,2018,722.7000122070312
World,OWID_WRL,2019,813
Zambia,ZMB,2015,3.5
Zambia,ZMB,2016,3.5999999046325684
Zambia,ZMB,2017,3.799999952316284
Zambia,ZMB,2018,4
Zambia,ZMB,2019,4.099999904632568
Zimbabwe,ZWE,2015,4.900000095367432
Zimbabwe,ZWE,2016,5.199999809265137
Zimbabwe,ZWE,2017,5.099999904632568
Zimbabwe,ZWE,2018,4.900000095367432
Zimbabwe,ZWE,2019,4.699999809265137